{
    "CaseName": "test case",
    "PumpingSchedule": {
        "Duration": 700,
        "Flowrate": 0.05
    },
    "ReservoirProperties": {
        "PayZoneHeight": 20,
        "YoungModulus": 2.0e9,
        "PoissonRatio": 0.3,
        "Toughness": 5.0e6,
        "LeakoffCoefficient": 0
    },
    "MeshProperties": {
        "xmax": 100,
        "nx": 100
    },
    "SolverSettings": {
        "TimeStep": 5,
        "FrontTolerance": 1.0e-4,
        "FrontMaxIter": 200,
        "FrontRelaxationCoeff": 0.7
    }
}
